{"cameraMode":{"drawMode":0,"name":"Shaded","section":"Shading Mode"},"sceneLighting":false,"audioPlay":false,"sceneViewState":{"showFog":true,"showMaterialUpdate":false,"showSkybox":true,"showFlares":true,"showImageEffects":true,"showParticleSystems":true},"in2DMode":false,"pivot":{"x":-9.58853816986084,"y":5.140625,"z":-51.32441711425781},"rotation":{"x":-0.28305500745773318,"y":-0.6087020039558411,"z":0.2462088167667389,"w":-0.699312686920166},"size":0.44269657135009768,"orthographic":false}