{"cameraMode":{"drawMode":0,"name":"Shaded","section":"Shading Mode"},"sceneLighting":false,"audioPlay":false,"sceneViewState":{"showFog":true,"showMaterialUpdate":false,"showSkybox":true,"showFlares":true,"showImageEffects":true,"showParticleSystems":true},"in2DMode":false,"pivot":{"x":42.96000289916992,"y":6.0,"z":-42.30000305175781},"rotation":{"x":-0.3442777097225189,"y":0.0014374041929841042,"z":-0.0015027170302346349,"w":-0.9393188953399658},"size":5.234038352966309,"orthographic":false}