{"cameraMode":{"drawMode":0,"name":"Shaded","section":"Shading Mode"},"sceneLighting":false,"audioPlay":false,"sceneViewState":{"showFog":true,"showMaterialUpdate":false,"showSkybox":true,"showFlares":true,"showImageEffects":true,"showParticleSystems":true},"in2DMode":false,"pivot":{"x":1396.8648681640625,"y":164.33836364746095,"z":-75.43531799316406},"rotation":{"x":0.11675669997930527,"y":-0.003892703913152218,"z":0.0002662214683368802,"w":0.9933399558067322},"size":809.79248046875,"orthographic":false}