{"cameraMode":{"drawMode":0,"name":"Shaded","section":"Shading Mode"},"sceneLighting":false,"audioPlay":false,"sceneViewState":{"showFog":true,"showMaterialUpdate":false,"showSkybox":true,"showFlares":true,"showImageEffects":true,"showParticleSystems":true},"in2DMode":false,"pivot":{"x":2.5501182079315187,"y":2.5088019371032717,"z":-39.61152267456055},"rotation":{"x":-0.3548525273799896,"y":-0.08927657455205918,"z":0.035005297511816028,"w":-0.9302661418914795},"size":14.432212829589844,"orthographic":false}