{"cameraMode":{"drawMode":0,"name":"Shaded","section":"Shading Mode"},"sceneLighting":true,"audioPlay":false,"sceneViewState":{"showFog":true,"showMaterialUpdate":false,"showSkybox":true,"showFlares":true,"showImageEffects":true,"showParticleSystems":true},"in2DMode":false,"pivot":{"x":458.7484130859375,"y":236.51953125,"z":-91.697998046875},"rotation":{"x":-0.04500054195523262,"y":-0.002477400004863739,"z":0.004459988791495562,"w":-0.9995540380477905},"size":481.8907165527344,"orthographic":false}