{"cameraMode":{"drawMode":0,"name":"Shaded","section":"Shading Mode"},"sceneLighting":false,"audioPlay":false,"sceneViewState":{"showFog":true,"showMaterialUpdate":false,"showSkybox":true,"showFlares":true,"showImageEffects":true,"showParticleSystems":true},"in2DMode":false,"pivot":{"x":-0.4784339964389801,"y":1.2297359704971314,"z":0.05170750617980957},"rotation":{"x":-0.17896433174610139,"y":-0.14381377398967744,"z":0.02638806588947773,"w":-0.9734064340591431},"size":5.539434432983398,"orthographic":false}