{"cameraMode":{"drawMode":0,"name":"Shaded","section":"Shading Mode"},"sceneLighting":false,"audioPlay":false,"sceneViewState":{"showFog":true,"showMaterialUpdate":false,"showSkybox":true,"showFlares":true,"showImageEffects":true,"showParticleSystems":true},"in2DMode":false,"pivot":{"x":-65.61153411865235,"y":-65.94837188720703,"z":68.78119659423828},"rotation":{"x":-0.29042932391166689,"y":0.35495510697364809,"z":-0.12234912067651749,"w":-0.8807657361030579},"size":120.69416809082031,"orthographic":false}