{"cameraMode":{"drawMode":0,"name":"Shaded","section":"Shading Mode"},"sceneLighting":false,"audioPlay":false,"sceneViewState":{"showFog":true,"showMaterialUpdate":false,"showSkybox":true,"showFlares":true,"showImageEffects":true,"showParticleSystems":true},"in2DMode":false,"pivot":{"x":-9.576682090759278,"y":5.258902072906494,"z":-59.886470794677737},"rotation":{"x":0.0017772692954167724,"y":-0.9937018752098084,"z":0.11559873074293137,"w":0.01176340039819479},"size":2.131873369216919,"orthographic":false}