{"cameraMode":{"drawMode":0,"name":"Shaded","section":"Shading Mode"},"sceneLighting":true,"audioPlay":false,"sceneViewState":{"showFog":true,"showMaterialUpdate":false,"showSkybox":true,"showFlares":true,"showImageEffects":true,"showParticleSystems":true},"in2DMode":false,"pivot":{"x":31.513874053955079,"y":4.42296838760376,"z":-38.95195770263672},"rotation":{"x":-0.6580890417098999,"y":-0.019046006724238397,"z":0.016853542998433114,"w":-0.7526135444641113},"size":10.579944610595704,"orthographic":false}