{"cameraMode":{"drawMode":0,"name":"Shaded","section":"Shading Mode"},"sceneLighting":true,"audioPlay":false,"sceneViewState":{"showFog":true,"showMaterialUpdate":false,"showSkybox":true,"showFlares":true,"showImageEffects":true,"showParticleSystems":true},"in2DMode":false,"pivot":{"x":31.87000274658203,"y":5.210000038146973,"z":-40.029998779296878},"rotation":{"x":-0.6871076822280884,"y":-0.008568250574171543,"z":0.008306874893605709,"w":-0.7265639305114746},"size":24.34183692932129,"orthographic":false}