{"cameraMode":{"drawMode":0,"name":"Shaded","section":"Shading Mode"},"sceneLighting":false,"audioPlay":false,"sceneViewState":{"showFog":true,"showMaterialUpdate":false,"showSkybox":true,"showFlares":true,"showImageEffects":true,"showParticleSystems":true},"in2DMode":false,"pivot":{"x":1369.300048828125,"y":852.9000244140625,"z":0.0},"rotation":{"x":0.03450325131416321,"y":-0.0009257477358914912,"z":-0.0007424823706969619,"w":0.999626100063324},"size":429.1905517578125,"orthographic":true}