{"cameraMode":{"drawMode":0,"name":"Shaded","section":"Shading Mode"},"sceneLighting":true,"audioPlay":false,"sceneViewState":{"showFog":true,"showMaterialUpdate":false,"showSkybox":true,"showFlares":true,"showImageEffects":true,"showParticleSystems":true},"in2DMode":false,"pivot":{"x":-0.23600006103515626,"y":9.604701042175293,"z":-13.342000007629395},"rotation":{"x":-0.2896144688129425,"y":-0.5720647573471069,"z":0.22595833241939546,"w":-0.7338258624076843},"size":36.03352355957031,"orthographic":false}