{"cameraMode":{"drawMode":0,"name":"Shaded","section":"Shading Mode"},"sceneLighting":false,"audioPlay":false,"sceneViewState":{"showFog":true,"showMaterialUpdate":false,"showSkybox":true,"showFlares":true,"showImageEffects":true,"showParticleSystems":true},"in2DMode":false,"pivot":{"x":-14.531059265136719,"y":2.5522799491882326,"z":-52.759517669677737},"rotation":{"x":0.2626788020133972,"y":-0.6537052392959595,"z":0.2599656581878662,"w":0.6605430841445923},"size":5.887024879455566,"orthographic":false}