{"cameraMode":{"drawMode":0,"name":"Shaded","section":"Shading Mode"},"sceneLighting":false,"audioPlay":false,"sceneViewState":{"showFog":true,"showMaterialUpdate":false,"showSkybox":true,"showFlares":true,"showImageEffects":true,"showParticleSystems":true},"in2DMode":false,"pivot":{"x":0.4604043662548065,"y":6.68889856338501,"z":-11.432568550109864},"rotation":{"x":0.3857640326023102,"y":0.013063850812613964,"z":-0.005285589024424553,"w":0.9226793050765991},"size":5.536511421203613,"orthographic":false}