{"cameraMode":{"drawMode":0,"name":"Shaded","section":"Shading Mode"},"sceneLighting":true,"audioPlay":false,"sceneViewState":{"showFog":true,"showMaterialUpdate":false,"showSkybox":true,"showFlares":true,"showImageEffects":true,"showParticleSystems":true},"in2DMode":false,"pivot":{"x":6.069528579711914,"y":6.4221696853637699,"z":-21.33664894104004},"rotation":{"x":0.229771226644516,"y":-0.18864518404006959,"z":0.04149382561445236,"w":0.9544772505760193},"size":21.62375259399414,"orthographic":false}