{"cameraMode":{"drawMode":0,"name":"Shaded","section":"Shading Mode"},"sceneLighting":false,"audioPlay":false,"sceneViewState":{"showFog":true,"showMaterialUpdate":false,"showSkybox":true,"showFlares":true,"showImageEffects":true,"showParticleSystems":true},"in2DMode":false,"pivot":{"x":-3.6894989013671877,"y":0.8833355903625488,"z":-46.32140350341797},"rotation":{"x":-0.4268309772014618,"y":0.023494208231568338,"z":-0.009949490427970887,"w":-0.904232919216156},"size":7.604607582092285,"orthographic":false}