{"cameraMode":{"drawMode":0,"name":"Shaded","section":"Shading Mode"},"sceneLighting":true,"audioPlay":false,"sceneViewState":{"showFog":true,"showMaterialUpdate":false,"showSkybox":true,"showFlares":true,"showImageEffects":true,"showParticleSystems":true},"in2DMode":false,"pivot":{"x":3.0982227325439455,"y":0.7787495851516724,"z":-53.189735412597659},"rotation":{"x":0.2929757535457611,"y":0.2554844915866852,"z":-0.08154840022325516,"w":0.9177643656730652},"size":5.367467403411865,"orthographic":false}