{"cameraMode":{"drawMode":7,"name":"Mipmaps","section":"Miscellaneous"},"sceneLighting":true,"audioPlay":false,"sceneViewState":{"showFog":true,"showMaterialUpdate":false,"showSkybox":true,"showFlares":true,"showImageEffects":true,"showParticleSystems":true},"in2DMode":false,"pivot":{"x":33.01164245605469,"y":5.623333930969238,"z":-40.018611907958987},"rotation":{"x":-0.5242173671722412,"y":-0.02413988672196865,"z":0.015020417049527169,"w":-0.8512072563171387},"size":10.579944610595704,"orthographic":false}