{"cameraMode":{"drawMode":0,"name":"Shaded","section":"Shading Mode"},"sceneLighting":true,"audioPlay":false,"sceneViewState":{"showFog":true,"showMaterialUpdate":false,"showSkybox":true,"showFlares":true,"showImageEffects":true,"showParticleSystems":true},"in2DMode":false,"pivot":{"x":463.6242980957031,"y":297.2434997558594,"z":-90.10470581054688},"rotation":{"x":0.018038135021924974,"y":-0.0072557879611849789,"z":0.0042177545838057999,"w":-1.0003817081451417},"size":481.8907165527344,"orthographic":false}