{"cameraMode":{"drawMode":0,"name":"Shaded","section":"Shading Mode"},"sceneLighting":true,"audioPlay":false,"sceneViewState":{"showFog":true,"showMaterialUpdate":false,"showSkybox":true,"showFlares":true,"showImageEffects":true,"showParticleSystems":true},"in2DMode":false,"pivot":{"x":-11.720786094665528,"y":3.6991984844207765,"z":-90.21927642822266},"rotation":{"x":0.000029886552511015907,"y":0.9995302557945252,"z":-0.03299468383193016,"w":-0.00022378716676030308},"size":22.354408264160158,"orthographic":false}