{"cameraMode":{"drawMode":0,"name":"Shaded","section":"Shading Mode"},"sceneLighting":false,"audioPlay":false,"sceneViewState":{"showFog":true,"showMaterialUpdate":false,"showSkybox":true,"showFlares":true,"showImageEffects":true,"showParticleSystems":true},"in2DMode":false,"pivot":{"x":8.100000381469727,"y":5.460000038146973,"z":-4.314998626708984},"rotation":{"x":0.30302008986473086,"y":0.023814136162400247,"z":-0.007920659147202969,"w":0.9531569480895996},"size":180.5429229736328,"orthographic":false}