{"cameraMode":{"drawMode":0,"name":"Shaded","section":"Shading Mode"},"sceneLighting":false,"audioPlay":false,"sceneViewState":{"showFog":true,"showMaterialUpdate":false,"showSkybox":true,"showFlares":true,"showImageEffects":true,"showParticleSystems":true},"in2DMode":false,"pivot":{"x":-10.983545303344727,"y":5.28125,"z":-58.637969970703128},"rotation":{"x":0.05472428351640701,"y":-0.7288151383399963,"z":0.058040883392095569,"w":0.6807674765586853},"size":1.2556289434432984,"orthographic":false}