{"cameraMode":{"drawMode":0,"name":"Shaded","section":"Shading Mode"},"sceneLighting":false,"audioPlay":false,"sceneViewState":{"showFog":true,"showMaterialUpdate":false,"showSkybox":true,"showFlares":true,"showImageEffects":true,"showParticleSystems":true},"in2DMode":false,"pivot":{"x":-10.220000267028809,"y":5.010000228881836,"z":-26.56999969482422},"rotation":{"x":0.5124684572219849,"y":0.0022198648657649757,"z":-0.001409374875947833,"w":0.8588171601295471},"size":6.113985538482666,"orthographic":false}