{"cameraMode":{"drawMode":0,"name":"Shaded","section":"Shading Mode"},"sceneLighting":false,"audioPlay":false,"sceneViewState":{"showFog":true,"showMaterialUpdate":false,"showSkybox":true,"showFlares":true,"showImageEffects":true,"showParticleSystems":true},"in2DMode":false,"pivot":{"x":987.4000244140625,"y":392.8999938964844,"z":0.0},"rotation":{"x":0.029499664902687074,"y":0.0038184337317943575,"z":0.00004689180786954239,"w":-0.9997115135192871},"size":33.213829040527347,"orthographic":false}