{"cameraMode":{"drawMode":7,"name":"Mipmaps","section":"Miscellaneous"},"sceneLighting":true,"audioPlay":false,"sceneViewState":{"showFog":true,"showMaterialUpdate":false,"showSkybox":true,"showFlares":true,"showImageEffects":true,"showParticleSystems":true},"in2DMode":false,"pivot":{"x":33.97975540161133,"y":5.516585826873779,"z":-39.93709182739258},"rotation":{"x":-0.3325047791004181,"y":0.17277419567108155,"z":-0.06192362681031227,"w":-0.925157904624939},"size":10.579944610595704,"orthographic":false}