{"cameraMode":{"drawMode":0,"name":"Shaded","section":"Shading Mode"},"sceneLighting":false,"audioPlay":false,"sceneViewState":{"showFog":true,"showMaterialUpdate":false,"showSkybox":true,"showFlares":true,"showImageEffects":true,"showParticleSystems":true},"in2DMode":false,"pivot":{"x":761.19384765625,"y":292.3008117675781,"z":-3.498260498046875},"rotation":{"x":0.0010001324117183686,"y":0.006821129936724901,"z":-0.0001483320229453966,"w":-1.0001373291015626},"size":550.4057006835938,"orthographic":false}