{"cameraMode":{"drawMode":0,"name":"Shaded","section":"Shading Mode"},"sceneLighting":false,"audioPlay":false,"sceneViewState":{"showFog":true,"showMaterialUpdate":false,"showSkybox":true,"showFlares":true,"showImageEffects":true,"showParticleSystems":true},"in2DMode":false,"pivot":{"x":746.414794921875,"y":379.9975280761719,"z":0.059493035078048709},"rotation":{"x":0.0009990199469029904,"y":-0.002189229940995574,"z":-0.00009977537411032245,"w":-1.0001479387283326},"size":246.50094604492188,"orthographic":false}