{"cameraMode":{"drawMode":7,"name":"Mipmaps","section":"Miscellaneous"},"sceneLighting":true,"audioPlay":false,"sceneViewState":{"showFog":true,"showMaterialUpdate":false,"showSkybox":true,"showFlares":true,"showImageEffects":true,"showParticleSystems":true},"in2DMode":false,"pivot":{"x":42.88016128540039,"y":-18.790674209594728,"z":-0.9146847724914551},"rotation":{"x":-0.566290020942688,"y":-0.013013341464102269,"z":0.009148291312158108,"w":-0.8242045044898987},"size":44.70220947265625,"orthographic":false}