{"cameraMode":{"drawMode":0,"name":"Shaded","section":"Shading Mode"},"sceneLighting":false,"audioPlay":false,"sceneViewState":{"showFog":true,"showMaterialUpdate":false,"showSkybox":true,"showFlares":true,"showImageEffects":true,"showParticleSystems":true},"in2DMode":false,"pivot":{"x":1197.492431640625,"y":598.5591430664063,"z":1.8461358547210694},"rotation":{"x":0.0010001324117183686,"y":0.006821129936724901,"z":-0.0001483320229453966,"w":-1.0001373291015626},"size":434.5974426269531,"orthographic":false}