{"cameraMode":{"drawMode":0,"name":"Shaded","section":"Shading Mode"},"sceneLighting":true,"audioPlay":false,"sceneViewState":{"showFog":true,"showMaterialUpdate":false,"showSkybox":true,"showFlares":true,"showImageEffects":true,"showParticleSystems":true},"in2DMode":false,"pivot":{"x":557.2109985351563,"y":250.35946655273438,"z":144.77919006347657},"rotation":{"x":0.000011930984328500926,"y":-0.0031850598752498628,"z":0.004082726780325174,"w":-1.0005556344985963},"size":940.4288330078125,"orthographic":false}